Reference, Value, Footprint, Datasheet, Manuf, ManufPN, Supplier, SupplierPN
"L6","27n","Inductor_SMD:L_0402_1005Metric","http://search.murata.co.jp/Ceramy/image/img/P02/JELF243A-0050.pdf","Murata","LQW15AN27NJ00D","Digikey","490-1151-1-ND"
"J6","ANT","Connector_Coaxial:SMA_Molex_73251-1153_EdgeMount_Horizontal","https://www.molex.com/pdm_docs/sd/732511150_sd.pdf","Molex","732511150","Digikey","WM5534-ND"
"C45","220p","Capacitor_SMD:C_0402_1005Metric","https://api.kemet.com/component-edge/download/datasheet/C0402C221J2GACAUTO.pdf","Kemet","C0402C221J2GACAUTO","Digikey","399-11552-1-ND"
"C25","220p","Capacitor_SMD:C_0402_1005Metric","https://api.kemet.com/component-edge/download/datasheet/C0402C221J2GACAUTO.pdf","Kemet","C0402C221J2GACAUTO","Digikey","399-11552-1-ND"
"C24","3.9p","Capacitor_SMD:C_0402_1005Metric","http://search.murata.co.jp/Ceramy/image/img/A01X/G101/ENG/GJM1555C1H3R9CB01-01.pdf","Murata","GJM1555C1H3R9CB01D","Digikey","490-3097-1-ND"
"L5","27n","Inductor_SMD:L_0402_1005Metric","http://search.murata.co.jp/Ceramy/image/img/P02/JELF243A-0050.pdf","Murata","LQW15AN27NJ00D","Digikey","490-1151-1-ND"
"C21","220p","Capacitor_SMD:C_0402_1005Metric","https://api.kemet.com/component-edge/download/datasheet/C0402C221J2GACAUTO.pdf","Kemet","C0402C221J2GACAUTO","Digikey","399-11552-1-ND"
"U1","LM1117-3.3","Package_TO_SOT_SMD:SOT-223-3_TabPin2","http://www.ti.com/lit/ds/symlink/lm1117.pdf","Texas Instruments","LM1117IMP-3.3/NOPB","Digikey","LM1117IMP-3.3/NOPBCT-ND"
"C4","10u","Capacitor_SMD:C_0603_1608Metric","http://search.murata.co.jp/Ceramy/image/img/A01X/G101/ENG/GRT188C81A106ME13-01.pdf","Murata","GRT188C81A106ME13D","Digikey","490-12283-1-ND"
"C13","10u","Capacitor_SMD:C_0603_1608Metric","http://search.murata.co.jp/Ceramy/image/img/A01X/G101/ENG/GRT188C81A106ME13-01.pdf","Murata","GRT188C81A106ME13D","Digikey","490-12283-1-ND"
"C15","0.1u","Capacitor_SMD:C_0603_1608Metric","http://datasheets.avx.com/AutoMLCC.pdf","AVX","0603YC104K4T4A","Digikey","478-9382-1-ND"
"J1","5VDC","Connector_PinHeader_2.54mm:PinHeader_1x02_P2.54mm_Vertical","", , , ,
"D3","STPS340U","Diode_SMD:D_SMB","http://www.st.com/content/ccc/resource/technical/document/datasheet/bb/db/21/0c/04/d9/41/a5/CD00000844.pdf/files/CD00000844.pdf/jcr:content/translations/en.CD00000844.pdf","STMicroelectronics","STPS340U","Digikey","497-2465-1-ND"
"L2","Z=500 @ 100M","Inductor_SMD:L_1206_3216Metric","https://assets.lairdtech.com/home/brandworld/files/MI1206L501R-10.pdf","Laird","MI1206L501R-10","Digikey","240-2407-1-ND"
"C14","100u","Capacitor_Tantalum_SMD:CP_EIA-3528-15_AVX-H","http://datasheets.avx.com/TPS.pdf","AVX","TPSB107M010R0400","Digikey","478-5231-1-ND"
"U3","LT1086-3.6","Package_TO_SOT_SMD:TO-263-3_TabPin2","http://www.linear.com/docs/1722","Linear","LT1086CM-3.6#PBF","Digikey","LT1086CM-3.6#PBF-ND"
"C46","1u","Capacitor_SMD:C_0603_1608Metric","http://www.samsungsem.com/kr/support/product-search/mlcc/CL10B105MO8NNWC.jsp","Samsung","CL10B105MO8NNWC","Digikey","1276-6524-6-ND"
"C44","1u","Capacitor_SMD:C_0603_1608Metric","http://www.samsungsem.com/kr/support/product-search/mlcc/CL10B105MO8NNWC.jsp","Samsung","CL10B105MO8NNWC","Digikey","1276-6524-6-ND"
"U6","PE4259","Package_TO_SOT_SMD:SOT-363_SC-70-6","http://www.psemi.com/pdf/datasheets/pe4259ds.pdf","pSemi","4259-63","Digikey","1046-1011-1-ND"
"C38","220p","Capacitor_SMD:C_0402_1005Metric","https://api.kemet.com/component-edge/download/datasheet/C0402C221J2GACAUTO.pdf","Kemet","C0402C221J2GACAUTO","Digikey","399-11552-1-ND"
"C39","220p","Capacitor_SMD:C_0402_1005Metric","https://api.kemet.com/component-edge/download/datasheet/C0402C221J2GACAUTO.pdf","Kemet","C0402C221J2GACAUTO","Digikey","399-11552-1-ND"
"C26","0.1u","Capacitor_SMD:C_0603_1608Metric","http://datasheets.avx.com/AutoMLCC.pdf","AVX","0603YC104K4T4A","Digikey","478-9382-1-ND"
"U2","CC1110","openlst:TI_CC_QFN36","http://www.ti.com/lit/ds/symlink/cc1110-cc1111.pdf","Texas Instruments","CC1110F32RHHR","Digikey","296-38560-1-ND"
"U5","TLV803S","Package_TO_SOT_SMD:SOT-23","http://www.ti.com/lit/ds/symlink/tlv803.pdf","Texas Instruments","TLV803SDBZR","Digikey","296-29196-1-ND"
"R18","1K","Resistor_SMD:R_0603_1608Metric","http://www.yageo.com/documents/recent/PYu-RC_Group_51_RoHS_L_9.pdf","Yageo","RC0603JR-071KL","Digikey","311-1.0KGRCT-ND"
"C22","1n","Capacitor_SMD:C_0603_1608Metric","https://www.murata.com/~/media/webrenewal/support/library/catalog/products/capacitor/mlcc/c03e.ashx","Murata","GCM188R71E102KA37D","Digikey","490-8016-1-ND"
"R16","56K","Resistor_SMD:R_0603_1608Metric","https://www.seielect.com/Catalog/SEI-RMCF_RMCP.pdf","Stackpole","RMCF0603FT56K0","Digikey","RMCF0603FT56K0CT-ND"
"C19","1n","Capacitor_SMD:C_0603_1608Metric","https://www.murata.com/~/media/webrenewal/support/library/catalog/products/capacitor/mlcc/c03e.ashx","Murata","GCM188R71E102KA37D","Digikey","490-8016-1-ND"
"J2","CC Prog/Debug","Connector_PinHeader_1.27mm:PinHeader_2x05_P1.27mm_Vertical_SMD","http://suddendocs.samtec.com/prints/ftsh-1xx-xx-xxx-dv-xxx-xxx-mkt.pdf","Samtec","FTSH-105-01-L-DV-K-P","Digikey","SAM9076-ND"
"R5","100","Resistor_SMD:R_0603_1608Metric","http://www.yageo.com/NewPortal/yageodocoutput?fileName=/pdf/R-Chip/PYu-AC_51_RoHS_L_6.pdf","Yageo","AC0603FR-07100RL","Digikey","YAG3561CT-ND"
"R6","100","Resistor_SMD:R_0603_1608Metric","http://www.yageo.com/NewPortal/yageodocoutput?fileName=/pdf/R-Chip/PYu-AC_51_RoHS_L_6.pdf","Yageo","AC0603FR-07100RL","Digikey","YAG3561CT-ND"
"R7","100","Resistor_SMD:R_0603_1608Metric","http://www.yageo.com/NewPortal/yageodocoutput?fileName=/pdf/R-Chip/PYu-AC_51_RoHS_L_6.pdf","Yageo","AC0603FR-07100RL","Digikey","YAG3561CT-ND"
"R8","100","Resistor_SMD:R_0603_1608Metric","http://www.yageo.com/NewPortal/yageodocoutput?fileName=/pdf/R-Chip/PYu-AC_51_RoHS_L_6.pdf","Yageo","AC0603FR-07100RL","Digikey","YAG3561CT-ND"
"R9","100","Resistor_SMD:R_0603_1608Metric","http://www.yageo.com/NewPortal/yageodocoutput?fileName=/pdf/R-Chip/PYu-AC_51_RoHS_L_6.pdf","Yageo","AC0603FR-07100RL","Digikey","YAG3561CT-ND"
"R10","100","Resistor_SMD:R_0603_1608Metric","http://www.yageo.com/NewPortal/yageodocoutput?fileName=/pdf/R-Chip/PYu-AC_51_RoHS_L_6.pdf","Yageo","AC0603FR-07100RL","Digikey","YAG3561CT-ND"
"R11","100","Resistor_SMD:R_0603_1608Metric","http://www.yageo.com/NewPortal/yageodocoutput?fileName=/pdf/R-Chip/PYu-AC_51_RoHS_L_6.pdf","Yageo","AC0603FR-07100RL","Digikey","YAG3561CT-ND"
"R12","100","Resistor_SMD:R_0603_1608Metric","http://www.yageo.com/NewPortal/yageodocoutput?fileName=/pdf/R-Chip/PYu-AC_51_RoHS_L_6.pdf","Yageo","AC0603FR-07100RL","Digikey","YAG3561CT-ND"
"C31","0.1u","Capacitor_SMD:C_0603_1608Metric","http://datasheets.avx.com/AutoMLCC.pdf","AVX","0603YC104K4T4A","Digikey","478-9382-1-ND"
"R28","1K","Resistor_SMD:R_0603_1608Metric","http://www.yageo.com/documents/recent/PYu-RC_Group_51_RoHS_L_9.pdf","Yageo","RC0603JR-071KL","Digikey","311-1.0KGRCT-ND"
"R26","1K","Resistor_SMD:R_0603_1608Metric","http://www.yageo.com/documents/recent/PYu-RC_Group_51_RoHS_L_9.pdf","Yageo","RC0603JR-071KL","Digikey","311-1.0KGRCT-ND"
"R1","1K","Resistor_SMD:R_0603_1608Metric","http://www.yageo.com/documents/recent/PYu-RC_Group_51_RoHS_L_9.pdf","Yageo","RC0603JR-071KL","Digikey","311-1.0KGRCT-ND"
"R2","1K","Resistor_SMD:R_0603_1608Metric","http://www.yageo.com/documents/recent/PYu-RC_Group_51_RoHS_L_9.pdf","Yageo","RC0603JR-071KL","Digikey","311-1.0KGRCT-ND"
"U4","FOX924 27MHz","Oscillator:Oscillator_SMD_Fordahl_DFAS15-4Pin_5.0x3.2mm","http://www.foxonline.com/pdfs/fox924.pdf","Fox Electronics","FT5HNBPK27.0-T1","Digikey","631-1075-1-ND"
"R17","100","Resistor_SMD:R_0603_1608Metric","http://www.yageo.com/NewPortal/yageodocoutput?fileName=/pdf/R-Chip/PYu-AC_51_RoHS_L_6.pdf","Yageo","AC0603FR-07100RL","Digikey","YAG3561CT-ND"
"C23","3.9p","Capacitor_SMD:C_0402_1005Metric","http://search.murata.co.jp/Ceramy/image/img/A01X/G101/ENG/GJM1555C1H3R9CB01-01.pdf","Murata","GJM1555C1H3R9CB01D","Digikey","490-3097-1-ND"
"C27","0.1u","Capacitor_SMD:C_0603_1608Metric","http://datasheets.avx.com/AutoMLCC.pdf","AVX","0603YC104K4T4A","Digikey","478-9382-1-ND"
"R15","DNI","Resistor_SMD:R_0603_1608Metric",""
"D1","LED","LED_SMD:LED_0603_1608Metric","http://katalog.we-online.de/led/datasheet/150060VS75000.pdf","Wurth","150060VS75000","Digikey","732-4980-1-ND"
"R3","1K","Resistor_SMD:R_0603_1608Metric","http://www.yageo.com/documents/recent/PYu-RC_Group_51_RoHS_L_9.pdf","Yageo","RC0603JR-071KL","Digikey","311-1.0KGRCT-ND"
"D2","LED","LED_SMD:LED_0603_1608Metric","http://katalog.we-online.de/led/datasheet/150060SS75000.pdf","Wurth","150060SS75000","Digikey","732-4979-1-ND"
"R4","1K","Resistor_SMD:R_0603_1608Metric","http://www.yageo.com/documents/recent/PYu-RC_Group_51_RoHS_L_9.pdf","Yageo","RC0603JR-071KL","Digikey","311-1.0KGRCT-ND"
"J3","UART0","Connector_PinHeader_2.54mm:PinHeader_1x06_P2.54mm_Vertical","http://katalog.we-online.de/em/datasheet/6130xx11121.pdf","Wurth","61300611121","Digikey","732-5319-ND"
"R19","DNI","Resistor_SMD:R_0603_1608Metric",""
"J4","UART1","Connector_PinHeader_2.54mm:PinHeader_1x06_P2.54mm_Vertical","http://katalog.we-online.de/em/datasheet/6130xx11121.pdf","Wurth","61300611121","Digikey","732-5319-ND"
"R20","DNI","Resistor_SMD:R_0603_1608Metric",""
"C1","0.1u","Capacitor_SMD:C_0603_1608Metric","http://datasheets.avx.com/AutoMLCC.pdf","AVX","0603YC104K4T4A","Digikey","478-9382-1-ND"
"C10","0.1u","Capacitor_SMD:C_0603_1608Metric","http://datasheets.avx.com/AutoMLCC.pdf","AVX","0603YC104K4T4A","Digikey","478-9382-1-ND"
"C2","220p","Capacitor_SMD:C_0402_1005Metric","https://api.kemet.com/component-edge/download/datasheet/C0402C221J2GACAUTO.pdf","Kemet","C0402C221J2GACAUTO","Digikey","399-11552-1-ND"
"C7","220p","Capacitor_SMD:C_0402_1005Metric","https://api.kemet.com/component-edge/download/datasheet/C0402C221J2GACAUTO.pdf","Kemet","C0402C221J2GACAUTO","Digikey","399-11552-1-ND"
"C5","0.1u","Capacitor_SMD:C_0603_1608Metric","http://datasheets.avx.com/AutoMLCC.pdf","AVX","0603YC104K4T4A","Digikey","478-9382-1-ND"
"C3","0.1u","Capacitor_SMD:C_0603_1608Metric","http://datasheets.avx.com/AutoMLCC.pdf","AVX","0603YC104K4T4A","Digikey","478-9382-1-ND"
"C9","1u","Capacitor_SMD:C_0603_1608Metric","http://www.samsungsem.com/kr/support/product-search/mlcc/CL10B105MO8NNWC.jsp","Samsung","CL10B105MO8NNWC","Digikey","1276-6524-6-ND"
"R21","33K","Resistor_SMD:R_0603_1608Metric","http://www.yageo.com/NewPortal/yageodocoutput?fileName=/pdf/R-Chip/PYu-AC_51_RoHS_L_6.pdf","Yageo","AC0603FR-0733KL","Digikey","YAG3598CT-ND"
"R22","10K","Resistor_SMD:R_0603_1608Metric","http://www.yageo.com/documents/recent/PYu-RC_Group_51_RoHS_L_9.pdf","Yageo","RC0603JR-0710KL","Digikey","311-10KGRCT-ND"
"R23","33K","Resistor_SMD:R_0603_1608Metric","http://www.yageo.com/NewPortal/yageodocoutput?fileName=/pdf/R-Chip/PYu-AC_51_RoHS_L_6.pdf","Yageo","AC0603FR-0733KL","Digikey","YAG3598CT-ND"
"R24","10K","Resistor_SMD:R_0603_1608Metric","http://www.yageo.com/documents/recent/PYu-RC_Group_51_RoHS_L_9.pdf","Yageo","RC0603JR-0710KL","Digikey","311-10KGRCT-ND"
"R36","5K6","Resistor_SMD:R_0603_1608Metric","https://www.seielect.com/Catalog/SEI-RMCF_RMCP.pdf","Stackpole","RMCF0603FT5K60","Digikey","RMCF0603FT5K60CT-ND"
"R37","3K3","Resistor_SMD:R_0603_1608Metric","https://www.seielect.com/Catalog/SEI-RMCF_RMCP.pdf","Stackpole","RMCF0603FT3K30","Digikey","RMCF0603FT3K30CT-ND"
"C47","1u","Capacitor_SMD:C_0603_1608Metric","http://www.samsungsem.com/kr/support/product-search/mlcc/CL10B105MO8NNWC.jsp","Samsung","CL10B105MO8NNWC","Digikey","1276-6524-6-ND"
"C18","10u","Capacitor_SMD:C_0603_1608Metric","http://search.murata.co.jp/Ceramy/image/img/A01X/G101/ENG/GRT188C81A106ME13-01.pdf","Murata","GRT188C81A106ME13D","Digikey","490-12283-1-ND"
"C20","10u","Capacitor_SMD:C_0603_1608Metric","http://search.murata.co.jp/Ceramy/image/img/A01X/G101/ENG/GRT188C81A106ME13-01.pdf","Murata","GRT188C81A106ME13D","Digikey","490-12283-1-ND"
"L8","Z=1k @ 100M","Inductor_SMD:L_0603_1608Metric","http://katalog.we-online.de/pbs/datasheet/74279266.pdf","Wurth","74279266","Digikey","732-4484-1-ND"
"L3","Z=1k @ 100M","Inductor_SMD:L_0603_1608Metric","http://katalog.we-online.de/pbs/datasheet/74279266.pdf","Wurth","74279266","Digikey","732-4484-1-ND"
"J5","Control Outputs","Connector_PinHeader_2.54mm:PinHeader_1x03_P2.54mm_Vertical",""
"R14","100","Resistor_SMD:R_0603_1608Metric","http://www.yageo.com/NewPortal/yageodocoutput?fileName=/pdf/R-Chip/PYu-AC_51_RoHS_L_6.pdf","Yageo","AC0603FR-07100RL","Digikey","YAG3561CT-ND"
"R13","100","Resistor_SMD:R_0603_1608Metric","http://www.yageo.com/NewPortal/yageodocoutput?fileName=/pdf/R-Chip/PYu-AC_51_RoHS_L_6.pdf","Yageo","AC0603FR-07100RL","Digikey","YAG3561CT-ND"
"U8","STA1120A","openlst:SAW-8_3.8mm","","Sawtron","STA1120A","",""
"R25","DNI","Resistor_SMD:R_0603_1608Metric",""
"R27","33K","Resistor_SMD:R_0603_1608Metric","http://www.yageo.com/NewPortal/yageodocoutput?fileName=/pdf/R-Chip/PYu-AC_51_RoHS_L_6.pdf","Yageo","AC0603FR-0733KL","Digikey","YAG3598CT-ND"
"C6","0.1u","Capacitor_SMD:C_0603_1608Metric","http://datasheets.avx.com/AutoMLCC.pdf","AVX","0603YC104K4T4A","Digikey","478-9382-1-ND"
"C8","0.1u","Capacitor_SMD:C_0603_1608Metric","http://datasheets.avx.com/AutoMLCC.pdf","AVX","0603YC104K4T4A","Digikey","478-9382-1-ND"
"U9","RFFM6403","openlst:Qorvo_LGA_28_ThermalVias","https://www.qorvo.com/products/d/da000805","Qorvo","RFFM6403SB","",""
"MK1","M3_Hole","MountingHole:MountingHole_3.2mm_M3_Pad_Via",""
"R29","DNI","Resistor_SMD:R_0603_1608Metric",""
"R31","DNI","Resistor_SMD:R_0603_1608Metric",""
"MK3","M3_Hole","MountingHole:MountingHole_3.2mm_M3_Pad_Via",""
"MK2","M3_Hole","MountingHole:MountingHole_3.2mm_M3_Pad_Via",""
"R30","DNI","Resistor_SMD:R_0603_1608Metric",""
"R32","DNI","Resistor_SMD:R_0603_1608Metric",""
"MK4","M3_Hole","MountingHole:MountingHole_3.2mm_M3_Pad_Via",""
